{"cameraMode":{"drawMode":0,"name":"Shaded","section":"Shading Mode"},"sceneLighting":true,"audioPlay":false,"sceneViewState":{"showFog":true,"showMaterialUpdate":false,"showSkybox":true,"showFlares":true,"showImageEffects":true,"showParticleSystems":true},"in2DMode":false,"pivot":{"x":538.6099243164063,"y":430.85089111328127,"z":157.4007568359375},"rotation":{"x":-0.012291877530515194,"y":-0.0533733069896698,"z":0.0006570197292603552,"w":-0.998498797416687},"size":1353.134521484375,"orthographic":false}